case_id,scenario_type,expected_ai_behavior,expected_level,keyword_level,keyword_hits,ai_attention_level,current_level,outcome,attempt_level,match_count,semantic_count,ai_found_count,ai_semantic_names,model,latency_ms,error
TEST-REPLAY-001,A,SHOULD_FIND,RED,RED,3,RED,RED,OK,RED,1,6,1,RED:明确或高度疑似恶性病变,deepseek-v4-flash,6694,
TEST-REPLAY-002,A,SHOULD_FIND,RED,RED,5,RED,RED,OK,RED,1,6,1,RED:明确或高度疑似恶性病变,deepseek-v4-flash,6053,
TEST-REPLAY-003,A,SHOULD_FIND,RED,RED,1,,RED,OK,,0,6,0,,deepseek-v4-flash,2399,
TEST-REPLAY-004,A,SHOULD_FIND,RED,RED,2,,RED,OK,,0,6,0,,deepseek-v4-flash,2809,
TEST-REPLAY-005,A,SHOULD_FIND,RED,RED,2,RED,RED,OK,RED,2,6,2,YELLOW:性质待定、需活检或短期复查的病变 | RED:明确或高度疑似恶性病变,deepseek-v4-flash,8511,
TEST-REPLAY-006,A,SHOULD_FIND,RED,RED,3,RED,RED,OK,RED,2,6,2,RED:明确或高度疑似恶性病变 | YELLOW:性质待定、需活检或短期复查的病变,deepseek-v4-flash,8899,
TEST-REPLAY-007,A,SHOULD_FIND,RED,RED,3,RED,RED,OK,RED,1,6,1,RED:明确或高度疑似恶性病变,deepseek-v4-flash,5744,
TEST-REPLAY-008,A,SHOULD_FIND,RED,RED,1,YELLOW,RED,OK,YELLOW,1,6,1,YELLOW:性质待定、需活检或短期复查的病变,deepseek-v4-flash,6673,
TEST-REPLAY-009,A,SHOULD_FIND,YELLOW,YELLOW,2,YELLOW,YELLOW,OK,YELLOW,1,6,1,YELLOW:性质待定、需活检或短期复查的病变,deepseek-v4-flash,6074,
TEST-REPLAY-010,A,SHOULD_FIND,YELLOW,YELLOW,1,YELLOW,YELLOW,OK,YELLOW,1,6,1,YELLOW:治疗后并发症或术后异常征象,deepseek-v4-flash,4777,
TEST-REPLAY-011,A,SHOULD_FIND,RED,RED,2,YELLOW,RED,OK,YELLOW,2,6,2,YELLOW:性质待定、需活检或短期复查的病变 | YELLOW:多发病变或累及范围广泛,deepseek-v4-flash,8301,
TEST-REPLAY-012,A,SHOULD_FIND,YELLOW,YELLOW,2,YELLOW,YELLOW,OK,YELLOW,2,6,2,YELLOW:性质待定、需活检或短期复查的病变 | YELLOW:多发病变或累及范围广泛,deepseek-v4-flash,8153,
TEST-REPLAY-013,B,SHOULD_FIND,RED,UNCLASSIFIED,0,RED,RED,OK,RED,2,6,2,RED:明确或高度疑似恶性病变 | YELLOW:性质待定、需活检或短期复查的病变,deepseek-v4-flash,9045,
TEST-REPLAY-014,B,SHOULD_FIND,RED,UNCLASSIFIED,0,RED,RED,OK,RED,2,6,2,YELLOW:性质待定、需活检或短期复查的病变 | RED:明确或高度疑似恶性病变,deepseek-v4-flash,7698,
TEST-REPLAY-015,B,SHOULD_FIND,RED,UNCLASSIFIED,0,RED,RED,OK,RED,2,6,2,RED:明确或高度疑似恶性病变 | YELLOW:性质待定、需活检或短期复查的病变,deepseek-v4-flash,7853,
TEST-REPLAY-016,B,SHOULD_FIND,RED,UNCLASSIFIED,0,RED,RED,OK,RED,2,6,2,YELLOW:性质待定、需活检或短期复查的病变 | RED:明确或高度疑似恶性病变,deepseek-v4-flash,8272,
TEST-REPLAY-017,B,SHOULD_FIND,RED,UNCLASSIFIED,0,YELLOW,YELLOW,OK,YELLOW,1,6,1,YELLOW:性质待定、需活检或短期复查的病变,deepseek-v4-flash,5906,
TEST-REPLAY-018,B,SHOULD_FIND,RED,UNCLASSIFIED,0,YELLOW,YELLOW,OK,YELLOW,1,6,1,YELLOW:性质待定、需活检或短期复查的病变,deepseek-v4-flash,5708,
TEST-REPLAY-019,B,SHOULD_FIND,YELLOW,UNCLASSIFIED,0,RED,RED,OK,RED,3,6,3,YELLOW:性质待定、需活检或短期复查的病变 | RED:活动性出血或近期出血征象 | RED:明确或高度疑似恶性病变,deepseek-v4-flash,10286,
TEST-REPLAY-020,B,SHOULD_FIND,RED,UNCLASSIFIED,0,RED,RED,OK,RED,2,6,2,RED:明确或高度疑似恶性病变 | YELLOW:性质待定、需活检或短期复查的病变,deepseek-v4-flash,8665,
TEST-REPLAY-021,B,SHOULD_FIND,YELLOW,UNCLASSIFIED,0,YELLOW,YELLOW,OK,YELLOW,1,6,1,YELLOW:性质待定、需活检或短期复查的病变,deepseek-v4-flash,6646,
TEST-REPLAY-022,B,SHOULD_FIND,YELLOW,UNCLASSIFIED,0,YELLOW,YELLOW,OK,YELLOW,1,6,1,YELLOW:性质待定、需活检或短期复查的病变,deepseek-v4-flash,6213,
TEST-REPLAY-023,B,SHOULD_FIND,RED,UNCLASSIFIED,0,YELLOW,YELLOW,OK,YELLOW,1,6,1,YELLOW:性质待定、需活检或短期复查的病变,deepseek-v4-flash,6788,
TEST-REPLAY-024,B,SHOULD_FIND,RED,UNCLASSIFIED,0,RED,RED,OK,RED,2,6,2,RED:明确或高度疑似恶性病变 | YELLOW:性质待定、需活检或短期复查的病变,deepseek-v4-flash,13730,
TEST-REPLAY-025,C,SHOULD_FILTER,NONE,YELLOW,1,,YELLOW,OK,,0,6,0,,deepseek-v4-flash,2765,
TEST-REPLAY-026,C,SHOULD_FILTER,NONE,RED,2,,RED,OK,,0,6,0,,deepseek-v4-flash,2574,
TEST-REPLAY-027,C,SHOULD_FILTER,NONE,YELLOW,2,,YELLOW,OK,,0,6,0,,deepseek-v4-flash,3444,
TEST-REPLAY-028,C,SHOULD_FILTER,NONE,YELLOW,2,,YELLOW,OK,,0,6,0,,deepseek-v4-flash,2951,
TEST-REPLAY-029,C,SHOULD_FILTER,NONE,RED,2,,RED,OK,,0,6,0,,deepseek-v4-flash,3348,
TEST-REPLAY-030,C,SHOULD_FILTER,NONE,YELLOW,2,,YELLOW,OK,,0,6,0,,deepseek-v4-flash,2608,
TEST-REPLAY-031,C,SHOULD_FILTER,NONE,YELLOW,1,,YELLOW,OK,,0,6,0,,deepseek-v4-flash,2604,
TEST-REPLAY-032,C,SHOULD_FILTER,NONE,RED,1,,RED,OK,,0,6,0,,deepseek-v4-flash,2920,
TEST-REPLAY-033,D,SHOULD_FILTER,NONE,RED,2,YELLOW,RED,OK,YELLOW,1,6,1,YELLOW:治疗后并发症或术后异常征象,deepseek-v4-flash,5196,
TEST-REPLAY-034,D,SHOULD_FILTER,NONE,RED,2,YELLOW,RED,OK,YELLOW,1,6,1,YELLOW:治疗后并发症或术后异常征象,deepseek-v4-flash,5307,
TEST-REPLAY-035,D,SHOULD_FILTER,NONE,YELLOW,2,,YELLOW,OK,,0,6,0,,deepseek-v4-flash,3355,
TEST-REPLAY-036,D,SHOULD_FILTER,NONE,RED,4,GREEN,RED,OK,GREEN,1,6,1,GREEN:与既往检查相比出现变化,deepseek-v4-flash,6179,
TEST-REPLAY-037,CROSS_PATH,SHOULD_FILTER_AND_FIND,RED,YELLOW,2,RED,RED,OK,RED,2,6,2,YELLOW:性质待定、需活检或短期复查的病变 | RED:明确或高度疑似恶性病变,deepseek-v4-flash,8831,
TEST-REPLAY-038,E,SHOULD_FIND,YELLOW,UNCLASSIFIED,0,YELLOW,YELLOW,OK,YELLOW,1,6,1,YELLOW:性质待定、需活检或短期复查的病变,deepseek-v4-flash,9743,
TEST-REPLAY-039,E,SHOULD_FIND,RED,UNCLASSIFIED,0,YELLOW,YELLOW,OK,YELLOW,1,6,1,YELLOW:性质待定、需活检或短期复查的病变,deepseek-v4-flash,9739,
TEST-REPLAY-040,E,SHOULD_FIND,RED,UNCLASSIFIED,0,YELLOW,YELLOW,OK,YELLOW,1,6,1,YELLOW:性质待定、需活检或短期复查的病变,deepseek-v4-flash,9963,
TEST-REPLAY-041,E,SHOULD_FIND,YELLOW,UNCLASSIFIED,0,YELLOW,YELLOW,OK,YELLOW,1,6,1,YELLOW:性质待定、需活检或短期复查的病变,deepseek-v4-flash,9082,
TEST-REPLAY-042,E,SHOULD_FIND,RED,UNCLASSIFIED,0,YELLOW,YELLOW,OK,YELLOW,1,6,1,YELLOW:性质待定、需活检或短期复查的病变,deepseek-v4-flash,5758,
TEST-REPLAY-043,E,UNCERTAIN,NONE,UNCLASSIFIED,0,YELLOW,YELLOW,OK,YELLOW,1,6,1,YELLOW:性质待定、需活检或短期复查的病变,deepseek-v4-flash,8365,
TEST-REPLAY-044,F,SHOULD_NOT_FIND,NONE,UNCLASSIFIED,0,,UNCLASSIFIED,OK,,0,6,0,,deepseek-v4-flash,2545,
TEST-REPLAY-045,F,SHOULD_NOT_FIND,NONE,UNCLASSIFIED,0,,UNCLASSIFIED,OK,,0,6,0,,deepseek-v4-flash,3581,
TEST-REPLAY-046,F,SHOULD_NOT_FIND,NONE,UNCLASSIFIED,0,,UNCLASSIFIED,OK,,0,6,0,,deepseek-v4-flash,2792,
TEST-REPLAY-047,F,SHOULD_NOT_FIND,NONE,UNCLASSIFIED,0,,UNCLASSIFIED,OK,,0,6,0,,deepseek-v4-flash,3243,
TEST-REPLAY-048,F,SHOULD_NOT_FIND,NONE,UNCLASSIFIED,0,,UNCLASSIFIED,OK,,0,6,0,,deepseek-v4-flash,3077,
TEST-REPLAY-049,F,SHOULD_NOT_FIND,NONE,UNCLASSIFIED,0,,UNCLASSIFIED,OK,,0,6,0,,deepseek-v4-flash,2803,
TEST-REPLAY-050,F,SHOULD_NOT_FIND,NONE,UNCLASSIFIED,0,,UNCLASSIFIED,OK,,0,6,0,,deepseek-v4-flash,2377,
